{"cameraMode":{"drawMode":0,"name":"Shaded","section":"Shading Mode"},"sceneLighting":true,"audioPlay":false,"sceneViewState":{"m_AlwaysRefresh":false,"showFog":true,"showSkybox":true,"showFlares":true,"showImageEffects":true,"showParticleSystems":true,"showVisualEffectGraphs":true,"m_FxEnabled":true},"in2DMode":false,"pivot":{"x":-5.717568397521973,"y":5.3786420822143559,"z":2.9601683616638185},"rotation":{"x":0.011516985483467579,"y":0.9882196187973023,"z":-0.11885810643434525,"w":0.09575524181127548},"size":4.790673732757568,"orthographic":true}