{"cameraMode":{"drawMode":0,"name":"Shaded","section":"Shading Mode"},"sceneLighting":true,"audioPlay":false,"sceneViewState":{"m_AlwaysRefresh":false,"showFog":true,"showSkybox":true,"showFlares":true,"showImageEffects":true,"showParticleSystems":true,"showVisualEffectGraphs":true,"m_FxEnabled":true},"in2DMode":false,"pivot":{"x":3.6592416763305666,"y":1.0265378952026368,"z":5.051624298095703},"rotation":{"x":0.28212398290634158,"y":0.6439239382743836,"z":-0.27742356061935427,"w":0.6548367142677307},"size":4.796018123626709,"orthographic":true}