{"cameraMode":{"drawMode":0,"name":"Shaded","section":"Shading Mode"},"sceneLighting":false,"audioPlay":false,"sceneViewState":{"m_AlwaysRefresh":false,"showFog":true,"showSkybox":false,"showFlares":true,"showImageEffects":true,"showParticleSystems":true,"showVisualEffectGraphs":true,"m_FxEnabled":true},"in2DMode":false,"pivot":{"x":8.701632499694825,"y":0.6083689332008362,"z":7.44321870803833},"rotation":{"x":0.0013522707158699632,"y":-0.43307259678840639,"z":0.0006492406828328967,"w":0.9013605713844299},"size":0.8288660645484924,"orthographic":false}