{"cameraMode":{"drawMode":0,"name":"Shaded","section":"Shading Mode"},"sceneLighting":false,"audioPlay":false,"sceneViewState":{"m_AlwaysRefresh":false,"showFog":true,"showSkybox":false,"showFlares":true,"showImageEffects":true,"showParticleSystems":true,"showVisualEffectGraphs":true,"m_FxEnabled":true},"in2DMode":false,"pivot":{"x":3.7899999618530275,"y":0.9919577836990356,"z":4.4250006675720219},"rotation":{"x":-0.012296435423195362,"y":-0.4126458168029785,"z":-0.005571059416979551,"w":0.9107916951179504},"size":6.737098217010498,"orthographic":false}