{"cameraMode":{"drawMode":0,"name":"Shaded","section":"Shading Mode"},"sceneLighting":false,"audioPlay":false,"sceneViewState":{"m_AlwaysRefresh":false,"showFog":true,"showSkybox":false,"showFlares":true,"showImageEffects":true,"showParticleSystems":true,"showVisualEffectGraphs":true,"m_FxEnabled":true},"in2DMode":false,"pivot":{"x":-7.450580596923828e-7,"y":0.6580957174301148,"z":1.2499992847442628},"rotation":{"x":0.12940731644630433,"y":0.7973218560218811,"z":-0.1842499077320099,"w":0.5599943399429321},"size":0.8749883770942688,"orthographic":true}