{"cameraMode":{"drawMode":0,"name":"Shaded","section":"Shading Mode"},"sceneLighting":false,"audioPlay":false,"sceneViewState":{"m_AlwaysRefresh":false,"showFog":true,"showSkybox":false,"showFlares":true,"showImageEffects":true,"showParticleSystems":true,"showVisualEffectGraphs":true,"m_FxEnabled":true},"in2DMode":false,"pivot":{"x":3.5762786865234377e-7,"y":0.8086491227149963,"z":-4.76837158203125e-7},"rotation":{"x":-0.012296435423195362,"y":-0.4126458168029785,"z":-0.005571059416979551,"w":0.9107916951179504},"size":1.081870436668396,"orthographic":false}