{"cameraMode":{"drawMode":0,"name":"Shaded","section":"Shading Mode"},"sceneLighting":false,"audioPlay":false,"sceneViewState":{"m_AlwaysRefresh":false,"showFog":true,"showSkybox":false,"showFlares":true,"showImageEffects":true,"showParticleSystems":true,"showVisualEffectGraphs":true,"m_FxEnabled":true},"in2DMode":false,"pivot":{"x":6.469927787780762,"y":0.7277180552482605,"z":2.819038152694702},"rotation":{"x":-0.017611399292945863,"y":0.9786165356636047,"z":-0.0948290079832077,"w":-0.18172191083431245},"size":2.8991286754608156,"orthographic":true}