{"cameraMode":{"drawMode":0,"name":"Shaded","section":"Shading Mode"},"sceneLighting":false,"audioPlay":false,"sceneViewState":{"m_AlwaysRefresh":false,"showFog":true,"showSkybox":false,"showFlares":true,"showImageEffects":true,"showParticleSystems":true,"showVisualEffectGraphs":true,"m_FxEnabled":true},"in2DMode":false,"pivot":{"x":-5.960464477539063e-8,"y":0.8314393758773804,"z":-0.0002785921096801758},"rotation":{"x":0.013871952891349793,"y":0.9841275811195374,"z":-0.1526644229888916,"w":0.08940642327070236},"size":1.3552014827728272,"orthographic":true}