{"cameraMode":{"drawMode":0,"name":"Shaded","section":"Shading Mode"},"sceneLighting":false,"audioPlay":false,"sceneViewState":{"m_AlwaysRefresh":false,"showFog":true,"showSkybox":false,"showFlares":true,"showImageEffects":true,"showParticleSystems":true,"showVisualEffectGraphs":true,"m_FxEnabled":true},"in2DMode":false,"pivot":{"x":11.67365550994873,"y":-1.1575322151184083,"z":3.6347439289093019},"rotation":{"x":-0.0033443935681134464,"y":-0.9790751338005066,"z":0.016156286001205446,"w":-0.20286130905151368},"size":1.9321136474609376,"orthographic":true}